<code_scheme name="Default" version="173">
  <JSCodeStyleSettings version="0">
    <option name="FORCE_SEMICOLON_STYLE" value="true" />
    <option name="USE_DOUBLE_QUOTES" value="false" />
    <option name="FORCE_QUOTE_STYlE" value="true" />
    <option name="ENFORCE_TRAILING_COMMA" value="Remove" />
  </JSCodeStyleSettings>
  <TypeScriptCodeStyleSettings version="0">
    <option name="FORCE_SEMICOLON_STYLE" value="true" />
    <option name="USE_PUBLIC_MODIFIER" value="true" />
    <option name="USE_DOUBLE_QUOTES" value="false" />
    <option name="FORCE_QUOTE_STYlE" value="true" />
    <option name="OBJECT_LITERAL_WRAP" value="2" />
    <option name="SPACES_WITHIN_OBJECT_LITERAL_BRACES" value="true" />
    <option name="SPACES_WITHIN_IMPORTS" value="true" />
  </TypeScriptCodeStyleSettings>
  <codeStyleSettings language="JavaScript">
    <option name="KEEP_SIMPLE_BLOCKS_IN_ONE_LINE" value="true" />
  </codeStyleSettings>
  <codeStyleSettings language="TypeScript">
    <option name="LINE_COMMENT_AT_FIRST_COLUMN" value="true" />
    <option name="LINE_COMMENT_ADD_SPACE" value="false" />
    <option name="ARRAY_INITIALIZER_WRAP" value="1" />
    <option name="ARRAY_INITIALIZER_LBRACE_ON_NEXT_LINE" value="true" />
    <option name="ARRAY_INITIALIZER_RBRACE_ON_NEXT_LINE" value="true" />
    <arrangement>
      <groups>
        <group>
          <type>GROUP_PROPERTY_FIELD_WITH_GETTER_SETTER</type>
          <order>KEEP</order>
        </group>
        <group>
          <type>OVERRIDDEN_METHODS</type>
          <order>KEEP</order>
        </group>
        <group>
          <type>TREAT_LAMBDA_INITIALIZED_FIELDS_AS_METHODS</type>
          <order>KEEP</order>
        </group>
      </groups>
      <rules>
        <section>
          <rule>
            <match>
              <AND>
                <PRIVATE>true</PRIVATE>
                <PROPERTY>true</PROPERTY>
              </AND>
            </match>
          </rule>
        </section>
        <section>
          <rule>
            <match>
              <AND>
                <PRIVATE>true</PRIVATE>
                <PROPERTY>true</PROPERTY>
                <STATIC>true</STATIC>
              </AND>
            </match>
          </rule>
        </section>
        <section>
          <rule>
            <match>
              <AND>
                <FIELD>true</FIELD>
                <PRIVATE>true</PRIVATE>
                <STATIC>true</STATIC>
              </AND>
            </match>
          </rule>
        </section>
        <section>
          <rule>
            <match>
              <AND>
                <FIELD>true</FIELD>
                <PRIVATE>true</PRIVATE>
              </AND>
            </match>
          </rule>
        </section>
        <section>
          <rule>
            <match>
              <AND>
                <FIELD>true</FIELD>
                <PUBLIC>true</PUBLIC>
                <STATIC>true</STATIC>
              </AND>
            </match>
          </rule>
        </section>
        <section>
          <rule>
            <match>
              <AND>
                <FIELD>true</FIELD>
                <PROTECTED>true</PROTECTED>
                <STATIC>true</STATIC>
              </AND>
            </match>
          </rule>
        </section>
        <section>
          <rule>
            <match>
              <AND>
                <FIELD>true</FIELD>
                <PROTECTED>true</PROTECTED>
              </AND>
            </match>
          </rule>
        </section>
        <section>
          <rule>
            <match>
              <AND>
                <FIELD>true</FIELD>
                <PUBLIC>true</PUBLIC>
              </AND>
            </match>
          </rule>
        </section>
        <section>
          <rule>
            <match>
              <AND>
                <PROPERTY>true</PROPERTY>
                <PUBLIC>true</PUBLIC>
                <STATIC>true</STATIC>
              </AND>
            </match>
          </rule>
        </section>
        <section>
          <rule>
            <match>
              <AND>
                <PROPERTY>true</PROPERTY>
                <PROTECTED>true</PROTECTED>
                <STATIC>true</STATIC>
              </AND>
            </match>
          </rule>
        </section>
        <section>
          <rule>
            <match>
              <AND>
                <PROPERTY>true</PROPERTY>
                <PUBLIC>true</PUBLIC>
              </AND>
            </match>
          </rule>
        </section>
        <section>
          <rule>
            <match>
              <AND>
                <PROPERTY>true</PROPERTY>
                <PROTECTED>true</PROTECTED>
              </AND>
            </match>
          </rule>
        </section>
        <section>
          <rule>
            <match>
              <CONSTRUCTOR>true</CONSTRUCTOR>
            </match>
          </rule>
        </section>
        <section>
          <rule>
            <match>
              <AND>
                <METHOD>true</METHOD>
                <PUBLIC>true</PUBLIC>
                <STATIC>true</STATIC>
              </AND>
            </match>
          </rule>
        </section>
        <section>
          <rule>
            <match>
              <AND>
                <METHOD>true</METHOD>
                <PROTECTED>true</PROTECTED>
                <STATIC>true</STATIC>
              </AND>
            </match>
          </rule>
        </section>
        <section>
          <rule>
            <match>
              <AND>
                <METHOD>true</METHOD>
                <PRIVATE>true</PRIVATE>
                <STATIC>true</STATIC>
              </AND>
            </match>
          </rule>
        </section>
        <section>
          <rule>
            <match>
              <AND>
                <METHOD>true</METHOD>
                <PUBLIC>true</PUBLIC>
              </AND>
            </match>
          </rule>
        </section>
        <section>
          <rule>
            <match>
              <AND>
                <METHOD>true</METHOD>
                <PROTECTED>true</PROTECTED>
              </AND>
            </match>
          </rule>
        </section>
        <section>
          <rule>
            <match>
              <AND>
                <METHOD>true</METHOD>
                <PRIVATE>true</PRIVATE>
              </AND>
            </match>
          </rule>
        </section>
      </rules>
    </arrangement>
  </codeStyleSettings>
</code_scheme>