<application>
  <component name="AdvancedSettings">
    <option name="settings">
      <map>
        <entry key="enable.combined.diff" value="true" />
        <entry key="ide.ui.native.file.chooser" value="true" />
        <entry key="js.FindInFiles.with.library.files" value="true" />
        <entry key="js.semantic.highlighting.accuracy" value="High" />
        <entry key="show.diff.as.editor.tab" value="false" />
        <entry key="vcs.annotations.preload" value="true" />
      </map>
    </option>
  </component>
</application>