<application>
  <component name="ProjectManager">
    <defaultProject>
      <component name="MaterialThemeProjectNewConfig">
        <option name="metadata">
          <MTProjectMetadataState>
            <option name="migrated" value="true" />
            <option name="pristineConfig" value="false" />
            <option name="userId" value="1ed2dd11:18b517762e1:-8000" />
            <option name="version" value="8.13.2" />
          </MTProjectMetadataState>
        </option>
      </component>
      <component name="ProjectViewState">
        <option name="autoscrollFromSource" value="true" />
        <option name="autoscrollToSource" value="true" />
        <option name="hideEmptyMiddlePackages" value="true" />
        <option name="openDirectoriesWithSingleClick" value="true" />
        <option name="showExcludedFiles" value="false" />
        <option name="showLibraryContents" value="true" />
        <option name="showScratchesAndConsoles" value="false" />
      </component>
      <component name="PropertiesComponent"><![CDATA[{
  "keyToString": {
    "settings.editor.selected.configurable": "http.proxy"
  }
}]]></component>
      <component name="TaskManager">
        <task active="true" id="Default" summary="Default task">
          <created>1744361824293</created>
          <option name="number" value="Default" />
          <option name="presentableId" value="Default" />
          <updated>1744361824293</updated>
          <workItem from="1744361828510" duration="73000" />
        </task>
        <servers />
      </component>
      <component name="TimeTrackingManager">
        <option name="totallyTimeSpent" value="73000" />
      </component>
      <component name="VcsDirectoryMappings" defaultProject="true" />
      <component name="WindowStateProjectService">
        <state x="2064" y="735" key="SettingsEditor" timestamp="1744361842457">
          <screen x="0" y="25" width="3840" height="2135" />
        </state>
        <state x="2064" y="735" key="SettingsEditor/-1800.44.1800.1125/0.25.3840.2135" timestamp="1744361842457" />
        <state x="2064" y="735" key="SettingsEditor/-1800.569.1800.1125/0.25.3840.2135" timestamp="1740208980531" />
        <state x="2328" y="963" width="576" height="285" key="org.intellij.images.editor.actions.BackgroundImageDialog" timestamp="1740208977571">
          <screen x="0" y="25" width="3840" height="2135" />
        </state>
        <state x="2328" y="963" width="576" height="285" key="org.intellij.images.editor.actions.BackgroundImageDialog/-1800.569.1800.1125/0.25.3840.2135" timestamp="1740208977571" />
      </component>
    </defaultProject>
  </component>
</application>