<application>
  <component name="BlockTerminalUsage">
    <option name="blockTerminalUsedLastTimeMillis" value="1745363477311" />
    <option name="blockTerminalUsedLastVersion" value="251.23774.424" />
    <shellToExecutedCommandsNumber>
      <entry key="zsh" value="1" />
    </shellToExecutedCommandsNumber>
  </component>
  <component name="ReworkedTerminalUsage"><![CDATA[{}]]></component>
  <component name="TerminalOptionsProvider">
    <option name="myShellPath" value="/usr/local/bin/fish" />
    <option name="myTabName" value="Terminal" />
    <option name="terminalEngine" value="NEW_TERMINAL" />
  </component>
</application>