<application>
  <component name="BlockTerminalUsage">
    <option name="blockTerminalUsedLastTimeMillis" value="1744444570989" />
    <option name="blockTerminalUsedLastVersion" value="243.26053.12" />
    <shellToExecutedCommandsNumber>
      <entry key="zsh" value="1" />
    </shellToExecutedCommandsNumber>
  </component>
  <component name="TerminalOptionsProvider">
    <option name="myShellPath" value="/usr/local/bin/fish" />
    <option name="myTabName" value="Terminal" />
  </component>
</application>