<application>
  <component name="Trusted.Paths">
    <option name="TRUSTED_PROJECT_PATHS">
      <map>
        <entry key="$USER_HOME$/Documents/work/angular-code/black-pearl" value="true" />
        <entry key="$USER_HOME$/Documents/work/angular-code/forks/ng-primitives" value="true" />
        <entry key="$USER_HOME$/Documents/work/angular-code/forks/ngx-formly" value="true" />
        <entry key="$USER_HOME$/Documents/work/angular-code/rabinsohn" value="true" />
        <entry key="$USER_HOME$/Documents/work/angular-code/robinsohn" value="true" />
        <entry key="$USER_HOME$/Documents/work/angular-code/shape-synger" value="true" />
        <entry key="$USER_HOME$/Documents/work/angular-code/supeco" value="true" />
        <entry key="$USER_HOME$/Documents/work/angular-code/supeco/shape" value="true" />
        <entry key="$USER_HOME$/Documents/work/fastify/tevet" value="true" />
        <entry key="$USER_HOME$/Documents/work/fastify/tevet-troc" value="true" />
        <entry key="$USER_HOME$/Documents/work/github" value="true" />
        <entry key="$USER_HOME$/Documents/work/ionic/saveFood" value="true" />
        <entry key="$USER_HOME$/Documents/work/javascript/book" value="true" />
        <entry key="$USER_HOME$/Documents/work/myblog/NsdHSO" value="true" />
        <entry key="$USER_HOME$/Documents/work/nestJs/shape-synger-back" value="true" />
        <entry key="$USER_HOME$/Documents/work/nodejs/to-do-list" value="true" />
        <entry key="$USER_HOME$/Documents/work/python/parlento_service" value="true" />
        <entry key="$USER_HOME$/Documents/work/react/open_sauced/insights" value="true" />
        <entry key="$USER_HOME$/Documents/work/reactNative/hera-client" value="true" />
        <entry key="$USER_HOME$/Documents/work/reactNative/logos-metis-client" value="true" />
        <entry key="$USER_HOME$/Documents/work/reactNative/zephyra-client" value="true" />
        <entry key="$USER_HOME$/Downloads/savefood" value="true" />
        <entry key="$USER_HOME$/Work/financial_health/financial-health/landing-client" value="true" />
        <entry key="$USER_HOME$/Work/financial_health/financial-health/reserve-client" value="true" />
        <entry key="$USER_HOME$/Work/financial_health/libs/models/fe-lib-onboarding-loyalty" value="true" />
        <entry key="$USER_HOME$/Work/financial_health/loyalty/loyalty-onboarding-client" value="true" />
        <entry key="$USER_HOME$/Work/george/fe-lib-george-components" value="true" />
        <entry key="/Volumes/Best/angular/liburg" value="true" />
        <entry key="/Volumes/Best/angular/tevet-troc/tevet-troc" value="true" />
        <entry key="/Volumes/Best/angular/tevet-troc/tevet-troc-client" value="true" />
        <entry key="/Volumes/Work/angular/tevet/tevet-troc-client" value="true" />
      </map>
    </option>
  </component>
  <component name="Trusted.Paths.Settings">
    <option name="TRUSTED_PATHS">
      <list>
        <option value="$USER_HOME$/Downloads" />
        <option value="$USER_HOME$/Documents/work/ionic" />
        <option value="$USER_HOME$/Documents/work/angular-code" />
        <option value="$USER_HOME$/Documents/work/nestJs" />
        <option value="$USER_HOME$/Documents/work/javascript" />
        <option value="$USER_HOME$/Documents/work/react/open_sauced" />
        <option value="$USER_HOME$/Documents/work/reactNative" />
        <option value="$USER_HOME$/Documents/work/python" />
        <option value="$USER_HOME$/Documents/work/nodejs" />
        <option value="$USER_HOME$/Documents/work/fastify" />
        <option value="$USER_HOME$/Documents/work" />
        <option value="$USER_HOME$/Work/financial_health/loyalty" />
        <option value="$USER_HOME$/Work/financial_health/financial-health" />
        <option value="$USER_HOME$/Work/financial_health/libs/models" />
        <option value="/Volumes/Work/angular/tevet" />
        <option value="/Volumes/Best/angular/tevet-troc" />
      </list>
    </option>
  </component>
</application>