<application>
  <component name="DimensionService">
    <location key="find.popup.-3840.-545.3840.2160" x="-1516" y="-385" />
    <location key="find.popup.0.0.3840.2160" x="2117" y="812" />
    <location key="find.popup.0.0.3600.2338@192dpi" x="1984" y="918" />
    <location key="find.popup.-3840.-369.3840.2160" x="-2093" y="420" />
    <location key="find.popup.0.0.4112.2658@192dpi" x="2474" y="250" />
    <size key="find.popup.-3840.-545.3840.2160" width="840" height="786" />
    <size key="GridCell.Tab.1.left.-3840.-545.3840.2160" width="2494" height="550" />
    <size key="GridCell.Tab.1.center.-3840.-545.3840.2160" width="2494" height="550" />
    <size key="GridCell.Tab.1.right.-3840.-545.3840.2160" width="2494" height="550" />
    <size key="GridCell.Tab.1.bottom.-3840.-545.3840.2160" width="2494" height="550" />
    <size key="GridCell.Tab.0.left.-3840.-545.3840.2160" width="2494" height="662" />
    <size key="GridCell.Tab.0.center.-3840.-545.3840.2160" width="2494" height="662" />
    <size key="GridCell.Tab.0.right.-3840.-545.3840.2160" width="2494" height="662" />
    <size key="GridCell.Tab.0.bottom.-3840.-545.3840.2160" width="2494" height="662" />
    <size key="GridCell.Tab.4.left.-3840.-545.3840.2160" width="2494" height="337" />
    <size key="GridCell.Tab.4.center.-3840.-545.3840.2160" width="2494" height="337" />
    <size key="GridCell.Tab.4.right.-3840.-545.3840.2160" width="2494" height="337" />
    <size key="GridCell.Tab.4.bottom.-3840.-545.3840.2160" width="2494" height="337" />
    <size key="GridCell.Tab.2.left.-3840.-545.3840.2160" width="2494" height="550" />
    <size key="GridCell.Tab.2.center.-3840.-545.3840.2160" width="2494" height="550" />
    <size key="GridCell.Tab.2.right.-3840.-545.3840.2160" width="2494" height="550" />
    <size key="GridCell.Tab.2.bottom.-3840.-545.3840.2160" width="2494" height="550" />
    <size key="GridCell.Tab.3.left.-3840.-545.3840.2160" width="2494" height="550" />
    <size key="GridCell.Tab.3.center.-3840.-545.3840.2160" width="2494" height="550" />
    <size key="GridCell.Tab.3.right.-3840.-545.3840.2160" width="2494" height="550" />
    <size key="GridCell.Tab.3.bottom.-3840.-545.3840.2160" width="2494" height="550" />
    <size key="GridCell.Tab.0.left.0.0.3600.2338@192dpi" width="3468" height="574" />
    <size key="GridCell.Tab.0.center.0.0.3600.2338@192dpi" width="3468" height="574" />
    <size key="GridCell.Tab.0.right.0.0.3600.2338@192dpi" width="3468" height="574" />
    <size key="GridCell.Tab.0.bottom.0.0.3600.2338@192dpi" width="3468" height="574" />
    <size key="GridCell.Tab.1.left.0.0.3600.2338@192dpi" width="3468" height="574" />
    <size key="GridCell.Tab.1.center.0.0.3600.2338@192dpi" width="3468" height="574" />
    <size key="GridCell.Tab.1.right.0.0.3600.2338@192dpi" width="3468" height="574" />
    <size key="GridCell.Tab.1.bottom.0.0.3600.2338@192dpi" width="3468" height="574" />
    <size key="find.popup.0.0.3840.2160" width="648" height="482" />
    <size key="GridCell.Tab.0.left.0.0.3840.2160" width="2494" height="659" />
    <size key="GridCell.Tab.0.center.0.0.3840.2160" width="2494" height="659" />
    <size key="GridCell.Tab.0.right.0.0.3840.2160" width="2494" height="659" />
    <size key="GridCell.Tab.0.bottom.0.0.3840.2160" width="2494" height="659" />
    <size key="GridCell.Tab.1.left.0.0.3840.2160" width="2494" height="659" />
    <size key="GridCell.Tab.1.center.0.0.3840.2160" width="2494" height="659" />
    <size key="GridCell.Tab.1.right.0.0.3840.2160" width="2494" height="659" />
    <size key="GridCell.Tab.1.bottom.0.0.3840.2160" width="2494" height="659" />
    <size key="GridCell.Tab.2.left.0.0.3840.2160" width="2494" height="659" />
    <size key="GridCell.Tab.2.center.0.0.3840.2160" width="2494" height="659" />
    <size key="GridCell.Tab.2.right.0.0.3840.2160" width="2494" height="659" />
    <size key="GridCell.Tab.2.bottom.0.0.3840.2160" width="2494" height="659" />
    <size key="GridCell.Tab.3.left.0.0.3840.2160" width="2494" height="659" />
    <size key="GridCell.Tab.3.center.0.0.3840.2160" width="2494" height="659" />
    <size key="GridCell.Tab.3.right.0.0.3840.2160" width="2494" height="659" />
    <size key="GridCell.Tab.3.bottom.0.0.3840.2160" width="2494" height="659" />
    <size key="find.popup.0.0.3600.2338@192dpi" width="1296" height="964" />
    <size key="GridCell.Tab.2.left.0.0.3600.2338@192dpi" width="3468" height="574" />
    <size key="GridCell.Tab.2.center.0.0.3600.2338@192dpi" width="3468" height="574" />
    <size key="GridCell.Tab.2.right.0.0.3600.2338@192dpi" width="3468" height="574" />
    <size key="GridCell.Tab.2.bottom.0.0.3600.2338@192dpi" width="3468" height="574" />
    <size key="GridCell.Tab.0.left.-3600.1050.3600.2338@192dpi" width="3468" height="1334" />
    <size key="GridCell.Tab.0.center.-3600.1050.3600.2338@192dpi" width="3468" height="1334" />
    <size key="GridCell.Tab.0.right.-3600.1050.3600.2338@192dpi" width="3468" height="1334" />
    <size key="GridCell.Tab.0.bottom.-3600.1050.3600.2338@192dpi" width="3468" height="1334" />
    <size key="GridCell.Tab.3.left.0.0.3600.2338@192dpi" width="3468" height="574" />
    <size key="GridCell.Tab.3.center.0.0.3600.2338@192dpi" width="3468" height="574" />
    <size key="GridCell.Tab.3.right.0.0.3600.2338@192dpi" width="3468" height="574" />
    <size key="GridCell.Tab.3.bottom.0.0.3600.2338@192dpi" width="3468" height="574" />
    <size key="find.popup.-3840.-369.3840.2160" width="1050" height="482" />
    <size key="find.popup.0.0.4112.2658@192dpi" width="1464" height="964" />
    <size key="GridCell.Tab.0.left.-3840.-369.3840.2160" width="2494" height="392" />
    <size key="GridCell.Tab.0.center.-3840.-369.3840.2160" width="2494" height="392" />
    <size key="GridCell.Tab.0.right.-3840.-369.3840.2160" width="2494" height="392" />
    <size key="GridCell.Tab.0.bottom.-3840.-369.3840.2160" width="2494" height="392" />
    <size key="GridCell.Tab.1.left.-3840.-369.3840.2160" width="2494" height="392" />
    <size key="GridCell.Tab.1.center.-3840.-369.3840.2160" width="2494" height="392" />
    <size key="GridCell.Tab.1.right.-3840.-369.3840.2160" width="2494" height="392" />
    <size key="GridCell.Tab.1.bottom.-3840.-369.3840.2160" width="2494" height="392" />
    <size key="GridCell.Tab.2.left.-3840.-369.3840.2160" width="2494" height="392" />
    <size key="GridCell.Tab.2.center.-3840.-369.3840.2160" width="2494" height="392" />
    <size key="GridCell.Tab.2.right.-3840.-369.3840.2160" width="2494" height="392" />
    <size key="GridCell.Tab.2.bottom.-3840.-369.3840.2160" width="2494" height="392" />
    <size key="GridCell.Tab.3.left.-3840.-369.3840.2160" width="2494" height="392" />
    <size key="GridCell.Tab.3.center.-3840.-369.3840.2160" width="2494" height="392" />
    <size key="GridCell.Tab.3.right.-3840.-369.3840.2160" width="2494" height="392" />
    <size key="GridCell.Tab.3.bottom.-3840.-369.3840.2160" width="2494" height="392" />
  </component>
  <component name="WindowManager">
    <frame x="1280" y="25" width="2560" height="2135" />
  </component>
  <component name="WindowStateApplicationService">
    <state width="971" height="156" key="ShowUsagesActions.dimensionServiceKey" timestamp="1744614218707">
      <screen x="0" y="25" width="3840" height="2135" />
    </state>
    <state width="971" height="156" key="ShowUsagesActions.dimensionServiceKey/-1800.44.1800.1125/0.25.3840.2135" timestamp="1744614218707" />
    <state width="636" height="94" key="ShowUsagesActions.dimensionServiceKey/-1800.569.1800.1125/0.25.3840.2135" timestamp="1740354468293" />
    <state width="872" height="182" key="ShowUsagesActions.dimensionServiceKey/0.44.2056.1285/-3840.-344.3840.2135" timestamp="1744272356884" />
    <state x="1919" y="923" width="1711" height="1125" key="WELCOME_SCREEN" timestamp="1744606058518">
      <screen x="0" y="25" width="3840" height="2135" />
    </state>
    <state x="1919" y="923" width="1711" height="1125" key="WELCOME_SCREEN/-1800.44.1800.1125/0.25.3840.2135" timestamp="1744606058518" />
    <state x="1919" y="942" width="1709" height="1236" key="WELCOME_SCREEN/-1800.569.1800.1125/0.25.3840.2135" timestamp="1738319220803" />
    <state x="899" y="606" width="1711" height="1125" key="WELCOME_SCREEN/0.44.1800.1125" timestamp="1744369011951" />
    <state x="-187" y="578" width="916" height="744" key="WELCOME_SCREEN/0.44.2056.1285/-3840.-344.3840.2135" timestamp="1740388240761" />
    <state width="300" height="534" key="manage.recent.projects.popup" timestamp="1744517847332">
      <screen x="0" y="25" width="3840" height="2135" />
    </state>
    <state width="300" height="534" key="manage.recent.projects.popup/-1800.44.1800.1125/0.25.3840.2135" timestamp="1744517847332" />
    <state width="604" height="435" key="nx.dev.console.generate" timestamp="1738744052897">
      <screen x="0" y="25" width="3840" height="2135" />
    </state>
    <state width="604" height="435" key="nx.dev.console.generate/-1800.569.1800.1125/0.25.3840.2135" timestamp="1738744052897" />
  </component>
</application>