<keymap version="1" name="macOS copy" parent="Mac OS X 10.5+">
  <action id="ActivateBookmarksToolWindow" />
  <action id="ActivateCommitToolWindow">
    <keyboard-shortcut first-keystroke="meta 0" />
    <keyboard-shortcut first-keystroke="meta 2" />
  </action>
  <action id="ActivateTerminalToolWindow">
    <keyboard-shortcut first-keystroke="alt t" />
  </action>
  <action id="Arrangement.Rule.Edit" />
  <action id="BookmarksView.Rename" />
  <action id="ChangesView.Rename">
    <keyboard-shortcut first-keystroke="shift f6" />
  </action>
  <action id="CheckinFiles">
    <keyboard-shortcut first-keystroke="ctrl q" />
  </action>
  <action id="Console.TableResult.CompareCells" />
  <action id="Console.TableResult.EditValue">
    <keyboard-shortcut first-keystroke="enter" />
    <keyboard-shortcut first-keystroke="alt enter" />
  </action>
  <action id="CopyPaths">
    <keyboard-shortcut first-keystroke="shift meta c" />
    <keyboard-shortcut first-keystroke="meta alt c" />
  </action>
  <action id="DatabaseView.PropertiesAction" />
  <action id="Diff.ShowSettingsPopup" />
  <action id="Documentation.EditSource">
    <keyboard-shortcut first-keystroke="f4" />
  </action>
  <action id="DomCollectionControl.Edit">
    <keyboard-shortcut first-keystroke="f4" />
  </action>
  <action id="DuplicatesForm.SendToRight" />
  <action id="EditSource">
    <keyboard-shortcut first-keystroke="f4" />
  </action>
  <action id="EditorCloneCaretAbove">
    <keyboard-shortcut first-keystroke="ctrl alt open_bracket" />
    <keyboard-shortcut first-keystroke="ctrl open_bracket" />
  </action>
  <action id="EditorCloneCaretBelow">
    <keyboard-shortcut first-keystroke="ctrl alt semicolon" />
    <keyboard-shortcut first-keystroke="ctrl close_bracket" />
  </action>
  <action id="EditorDecreaseFontSize">
    <keyboard-shortcut first-keystroke="alt minus" />
  </action>
  <action id="EditorIncreaseFontSize">
    <keyboard-shortcut first-keystroke="alt equals" />
  </action>
  <action id="EslintImportCodeStyle">
    <keyboard-shortcut first-keystroke="ctrl meta alt l" />
  </action>
  <action id="ExternalSystem.OpenConfig">
    <keyboard-shortcut first-keystroke="f4" />
  </action>
  <action id="ExtractMethod">
    <keyboard-shortcut first-keystroke="meta alt m" />
    <keyboard-shortcut first-keystroke="alt 6" />
  </action>
  <action id="FileChooser.GotoProject" />
  <action id="FileChooser.TogglePathBar" />
  <action id="Git.Rename.Local.Branch">
    <keyboard-shortcut first-keystroke="shift f6" />
  </action>
  <action id="Git.Reword.Commit">
    <keyboard-shortcut first-keystroke="shift f6" />
  </action>
  <action id="Git.Tag">
    <keyboard-shortcut first-keystroke="ctrl alt t" />
  </action>
  <action id="GotoAction">
    <keyboard-shortcut first-keystroke="ctrl home" />
  </action>
  <action id="GotoDeclaration">
    <keyboard-shortcut first-keystroke="meta b" />
    <mouse-shortcut keystroke="meta button1" />
    <mouse-shortcut keystroke="Force touch" />
    <mouse-shortcut keystroke="button2" />
    <keyboard-shortcut first-keystroke="alt end" />
  </action>
  <action id="GotoImplementation">
    <keyboard-shortcut first-keystroke="meta alt b" />
    <mouse-shortcut keystroke="meta alt button1" />
    <keyboard-shortcut first-keystroke="meta down" />
  </action>
  <action id="GotoNextError" />
  <action id="InsertLiveTemplate" />
  <action id="IntroduceConstant">
    <keyboard-shortcut first-keystroke="alt 2" />
  </action>
  <action id="IntroduceField">
    <keyboard-shortcut first-keystroke="meta alt f" />
    <keyboard-shortcut first-keystroke="alt 3" />
  </action>
  <action id="IntroduceParameter">
    <keyboard-shortcut first-keystroke="meta alt p" />
    <keyboard-shortcut first-keystroke="alt 4" />
  </action>
  <action id="IntroduceParameterObject">
    <keyboard-shortcut first-keystroke="alt 5" />
  </action>
  <action id="IntroduceVariable">
    <keyboard-shortcut first-keystroke="meta alt v" />
    <keyboard-shortcut first-keystroke="alt 1" />
  </action>
  <action id="Javascript.Linters.EsLint.Fix">
    <keyboard-shortcut first-keystroke="meta alt l" />
  </action>
  <action id="NavBar-navigate">
    <keyboard-shortcut first-keystroke="f4" />
  </action>
  <action id="NewDir">
    <keyboard-shortcut first-keystroke="alt m" />
  </action>
  <action id="NewFile">
    <keyboard-shortcut first-keystroke="alt n" />
  </action>
  <action id="NextTab">
    <keyboard-shortcut first-keystroke="alt numpad6" />
  </action>
  <action id="OpenBookmarkGroup">
    <keyboard-shortcut first-keystroke="f4" />
  </action>
  <action id="PX2RWDWithFileID">
    <keyboard-shortcut first-keystroke="shift alt d" />
  </action>
  <action id="ParameterInfo" />
  <action id="PreviousTab">
    <keyboard-shortcut first-keystroke="ctrl left" />
    <keyboard-shortcut first-keystroke="alt numpad4" />
  </action>
  <action id="ProjectViewEditSource">
    <keyboard-shortcut first-keystroke="f4" />
  </action>
  <action id="QuickJavaDoc">
    <keyboard-shortcut first-keystroke="f1" />
    <keyboard-shortcut first-keystroke="ctrl j" />
    <mouse-shortcut keystroke="control button2" />
    <keyboard-shortcut first-keystroke="alt k" />
  </action>
  <action id="ReformatCode">
    <keyboard-shortcut first-keystroke="shift meta l" />
  </action>
  <action id="ReformatWithPrettierAction">
    <keyboard-shortcut first-keystroke="shift meta alt p" />
    <keyboard-shortcut first-keystroke="shift meta p" />
    <keyboard-shortcut first-keystroke="shift meta d" />
  </action>
  <action id="RemoteHostView.CreateFile">
    <keyboard-shortcut first-keystroke="alt n" />
  </action>
  <action id="RemoteHostView.EditSource">
    <keyboard-shortcut first-keystroke="f4" />
  </action>
  <action id="RenameElement">
    <keyboard-shortcut first-keystroke="f2" />
  </action>
  <action id="RunAnything">
    <keyboard-shortcut first-keystroke="meta numpad7" />
  </action>
  <action id="SearchEverywhere">
    <keyboard-shortcut first-keystroke="meta p" />
  </action>
  <action id="SearchEverywhere.NavigateToNextGroup">
    <keyboard-shortcut first-keystroke="page_down" />
  </action>
  <action id="ShelvedChanges.Rename">
    <keyboard-shortcut first-keystroke="shift f6" />
  </action>
  <action id="SplitVertically">
    <keyboard-shortcut first-keystroke="alt comma" />
  </action>
  <action id="Switcher">
    <keyboard-shortcut first-keystroke="ctrl tab" />
    <keyboard-shortcut first-keystroke="shift ctrl tab" />
    <keyboard-shortcut first-keystroke="meta #10000a7" />
  </action>
  <action id="SwitcherNextProblem">
    <keyboard-shortcut first-keystroke="shift meta alt n" />
  </action>
  <action id="Table-startEditing" />
  <action id="Terminal.OpenInTerminal">
    <keyboard-shortcut first-keystroke="ctrl back_slash" />
  </action>
  <action id="Terminal.SplitVertically">
    <keyboard-shortcut first-keystroke="alt comma" />
  </action>
  <action id="ToggleMinimap">
    <keyboard-shortcut first-keystroke="shift meta alt equals" />
  </action>
  <action id="Tree-startEditing" />
  <action id="Uml.ShowDiff" />
  <action id="Vcs.EditSource">
    <keyboard-shortcut first-keystroke="f4" />
  </action>
  <action id="XDebugger.JumpToSource">
    <keyboard-shortcut first-keystroke="f4" />
  </action>
  <action id="XDebugger.SetValue" />
  <action id="hg4idea.QFold" />
  <action id="org.intellij.plugins.markdown.ui.actions.styling.ToggleItalicAction" />
  <action id="org.jetbrains.security.toolwindow.tree.actions.NavigateToSource">
    <keyboard-shortcut first-keystroke="f4" />
  </action>
  <action id="performancePlugin.ShowMemoryDialogAction">
    <keyboard-shortcut first-keystroke="shift ctrl alt m" />
  </action>
</keymap>